<annotation>
	<folder>Stop</folder>
	<filename>ezgif-frame-053.jpg</filename>
	<path>C:\Users\olait\OneDrive\Documents\Stop\ezgif-frame-053.jpg</path>
	<source>
		<database>Unknown</database>
	</source>
	<size>
		<width>1080</width>
		<height>1920</height>
		<depth>3</depth>
	</size>
	<segmented>0</segmented>
	<object>
		<name>stop</name>
		<pose>Unspecified</pose>
		<truncated>0</truncated>
		<difficult>0</difficult>
		<bndbox>
			<xmin>157</xmin>
			<ymin>451</ymin>
			<xmax>881</xmax>
			<ymax>1151</ymax>
		</bndbox>
	</object>
</annotation>
